Customer ID,Customer Name,Product Name,Volume,Unit Price,Total Price
1,John Doe,Widget A,150,10,3000
2,Jane Smith,Widget B,100,15,3000
3,David Johnson,Widget C,250,5,2500
4,Sarah Anderson,Widget D,75,20,3000
5,Michael Brown,Widget E,200,12,4800
6,Lisa Davis,Widget F,300,8,4800
7,Robert Wilson,Widget G,150,10,3000
8,Emily Miller,Widget H,100,15,3000
9,Daniel Taylor,Widget I,250,5,2500
10,Olivia Thompson,Widget J,75,20,3000
11,Matthew Martinez,Widget K,200,12,4800
12,Samantha Thomas,Widget L,300,8,4800
13,William Clark,Widget M,150,10,3000
14,Emma Rodriguez,Widget N,100,15,3000
15,Alexander Hall,Widget O,250,5,2500
16,Ava Gonzalez,Widget P,75,20
17,Noah Lewis,Widget Q,200,12,4800
18,Isabella Lee,Widget R,300,8,4800
19,Mason Walker,Widget S,150,10,3000
20,Sophia Perez,Widget T,100,15,3000
21,Elijah Hernandez,Widget U,250,5,2500
22,Charlotte Moore,Widget V,75,20,3000
23,James Hill,Widget W,200,12,4800
24,Amelia Young,Widget X,300,8,4800
25,Benjamin King,Widget Y,150,10,3000
26,Mia Allen,Widget Z,100,15,3000
27,Lucas Nelson,Widget A,250,5,2500
28,Harper Green,Widget B,75,20,3000
29,Henry Cooper,Widget C,200,12,4800
30,Abigail Brooks,Widget D,300,8,4800
